{"accuracy": {"training": 0.46943537097526833, "validation": 0.46263781135157206, "test": 0.4084967320261438}, "precision": {"training": 0.47708267665427434, "validation": 0.45515075819917694, "test": 0.38775860773793275}, "recall": {"training": 0.4695180761427709, "validation": 0.446473422008866, "test": 0.39006745192791703}, "f1_score": {"training": 0.4692631504678289, "validation": 0.41808542775517354, "test": 0.3709859833314541}}